{
  "timestamp": "2026-04-02T16:23:31.897Z",
  "searchConfig": {
    "symbols": [
      "BTCUSDT",
      "ETHUSDT"
    ],
    "timeframe": "5m",
    "emaGroups": [
      {
        "emaFast": 20,
        "emaSlow": 100
      },
      {
        "emaFast": 20,
        "emaSlow": 200
      },
      {
        "emaFast": 50,
        "emaSlow": 200
      }
    ],
    "gridSize": 22500,
    "totalRuns": 135000,
    "filters": {
      "minTradesPerRegime": 15,
      "minWinRate": 40,
      "minProfitFactor": 1,
      "maxDrawdown": 30
    }
  },
  "winners": {
    "BTCUSDT": {
      "params": {
        "rsiOversold": 40,
        "rsiOverbought": 60,
        "atrMultiplier": 3.5,
        "tpMultiplier": 1.5,
        "session": "NY",
        "useCandleConfirmation": true,
        "emaFastPeriod": 20,
        "emaSlowPeriod": 100,
        "emaHTFPeriod": 1000,
        "useEmaHTF": false,
        "rsiPeriod": 14,
        "useSessionFilter": true,
        "useMacd": false,
        "useBreakout": false,
        "useMeanReversion": false
      },
      "score": 0.6346017075252116,
      "summary": {
        "avgWR": 80.08037997807817,
        "minWR": 77.01863354037268,
        "avgPF": 1.6989241046292731,
        "minPF": 1.3793617429055922,
        "maxDD": 8.783751931560712,
        "avgSharpe": 2.116956189049621,
        "totalPnlPct": 104.81786355102115,
        "totalTrades": 344
      },
      "regimes": {
        "BULL": {
          "tradesCount": 68,
          "winRate": 82.35294117647058,
          "profitFactor": 1.9455184019966991,
          "totalPnl": 2655.6928596850703,
          "totalPnlPct": 26.556928596850703,
          "maxDrawdown": 3.9599999999999955,
          "finalBalance": 12655.69285968507,
          "sharpeRatio": 2.7652518882406265,
          "expectancy": 0.3905430676007456,
          "avgRR": 0.4285714285714282
        },
        "BEAR": {
          "tradesCount": 115,
          "winRate": 80.8695652173913,
          "profitFactor": 1.771892168985528,
          "totalPnl": 4180.552162076468,
          "totalPnlPct": 41.80552162076469,
          "maxDrawdown": 5.666991863806588,
          "finalBalance": 14180.552162076468,
          "sharpeRatio": 2.242333408723656,
          "expectancy": 0.36352627496317097,
          "avgRR": 0.42857142857142755
        },
        "SIDEWAYS": {
          "tradesCount": 161,
          "winRate": 77.01863354037268,
          "profitFactor": 1.3793617429055922,
          "totalPnl": 3645.541333340576,
          "totalPnlPct": 36.45541333340576,
          "maxDrawdown": 8.783751931560712,
          "finalBalance": 13645.541333340576,
          "sharpeRatio": 1.3432832701845803,
          "expectancy": 0.22643113871680565,
          "avgRR": 0.4285714285714263
        }
      }
    },
    "ETHUSDT": {
      "params": {
        "rsiOversold": 25,
        "rsiOverbought": 60,
        "atrMultiplier": 2.5,
        "tpMultiplier": 1.5,
        "session": "NY",
        "useCandleConfirmation": true,
        "emaFastPeriod": 20,
        "emaSlowPeriod": 200,
        "emaHTFPeriod": 1000,
        "useEmaHTF": false,
        "rsiPeriod": 14,
        "useSessionFilter": true,
        "useMacd": false,
        "useBreakout": false,
        "useMeanReversion": false
      },
      "score": 0.6733621183291774,
      "summary": {
        "avgWR": 76.26145309072139,
        "minWR": 75.39682539682539,
        "avgPF": 1.9222207577850785,
        "minPF": 1.8011009151686679,
        "maxDD": 7.086567572609782,
        "avgSharpe": 2.2018226421385516,
        "totalPnlPct": 138.15503810644577,
        "totalTrades": 257
      },
      "regimes": {
        "BULL": {
          "tradesCount": 41,
          "winRate": 75.60975609756098,
          "profitFactor": 1.8502247284918303,
          "totalPnl": 1826.5111218210768,
          "totalPnlPct": 18.26511121821077,
          "maxDrawdown": 2.807520000000002,
          "finalBalance": 11826.511121821077,
          "sharpeRatio": 1.9852120109347071,
          "expectancy": 0.44549051751733443,
          "avgRR": 0.5999999999999991
        },
        "BEAR": {
          "tradesCount": 90,
          "winRate": 77.77777777777779,
          "profitFactor": 2.1153366296947373,
          "totalPnl": 5387.121713768331,
          "totalPnlPct": 53.8712171376833,
          "maxDrawdown": 3.9600000000000066,
          "finalBalance": 15387.12171376833,
          "sharpeRatio": 2.5812598204867983,
          "expectancy": 0.5985690793075924,
          "avgRR": 0.5999999999999989
        },
        "SIDEWAYS": {
          "tradesCount": 126,
          "winRate": 75.39682539682539,
          "profitFactor": 1.8011009151686679,
          "totalPnl": 6601.870975055168,
          "totalPnlPct": 66.01870975055168,
          "maxDrawdown": 7.086567572609782,
          "finalBalance": 16601.870975055168,
          "sharpeRatio": 2.0389960949941486,
          "expectancy": 0.5239580138932669,
          "avgRR": 0.5999999999999976
        }
      }
    }
  },
  "top5": {
    "BTCUSDT": [
      {
        "params": {
          "rsiOversold": 40,
          "rsiOverbought": 60,
          "atrMultiplier": 3.5,
          "tpMultiplier": 1.5,
          "session": "NY",
          "useCandleConfirmation": true,
          "emaFastPeriod": 20,
          "emaSlowPeriod": 100,
          "emaHTFPeriod": 1000,
          "useEmaHTF": false,
          "rsiPeriod": 14,
          "useSessionFilter": true,
          "useMacd": false,
          "useBreakout": false,
          "useMeanReversion": false
        },
        "score": 0.6346017075252116,
        "summary": {
          "avgWR": 80.08037997807817,
          "minWR": 77.01863354037268,
          "avgPF": 1.6989241046292731,
          "minPF": 1.3793617429055922,
          "maxDD": 8.783751931560712,
          "avgSharpe": 2.116956189049621,
          "totalPnlPct": 104.81786355102115,
          "totalTrades": 344
        }
      },
      {
        "params": {
          "rsiOversold": 40,
          "rsiOverbought": 60,
          "atrMultiplier": 3.5,
          "tpMultiplier": 2,
          "session": "NY",
          "useCandleConfirmation": true,
          "emaFastPeriod": 20,
          "emaSlowPeriod": 100,
          "emaHTFPeriod": 1000,
          "useEmaHTF": false,
          "rsiPeriod": 14,
          "useSessionFilter": true,
          "useMacd": false,
          "useBreakout": false,
          "useMeanReversion": false
        },
        "score": 0.6333847447532646,
        "summary": {
          "avgWR": 74.58439897698209,
          "minWR": 72.5,
          "avgPF": 1.641911518194106,
          "minPF": 1.4546186434254493,
          "maxDD": 7.530009329152029,
          "avgSharpe": 2.076326905641304,
          "totalPnlPct": 132.2121893482431,
          "totalTrades": 343
        }
      },
      {
        "params": {
          "rsiOversold": 40,
          "rsiOverbought": 65,
          "atrMultiplier": 3.5,
          "tpMultiplier": 2,
          "session": "NY",
          "useCandleConfirmation": true,
          "emaFastPeriod": 20,
          "emaSlowPeriod": 100,
          "emaHTFPeriod": 1000,
          "useEmaHTF": false,
          "rsiPeriod": 14,
          "useSessionFilter": true,
          "useMacd": false,
          "useBreakout": false,
          "useMeanReversion": false
        },
        "score": 0.6204556290885345,
        "summary": {
          "avgWR": 76.81796856673704,
          "minWR": 75,
          "avgPF": 1.8518059446671646,
          "minPF": 1.65100899127158,
          "maxDD": 6.709048959999999,
          "avgSharpe": 1.6408896607641557,
          "totalPnlPct": 67.14402999161766,
          "totalTrades": 150
        }
      },
      {
        "params": {
          "rsiOversold": 40,
          "rsiOverbought": 70,
          "atrMultiplier": 3.5,
          "tpMultiplier": 2,
          "session": "NY",
          "useCandleConfirmation": true,
          "emaFastPeriod": 20,
          "emaSlowPeriod": 100,